ProjectCode,DisplayName,FileName,FileExtension,Status
Albano,Albano,Albano-elevation,gif,past
Alsager,Alsager,Alsager-elevation,gif,past
Aumiller,Aumiller,Aumiller-elevation,gif,past
Bingham,Bingham,Bingham-elevation,gif,past
Eberl,Eberl,Eberl-elevation,gif,past
Galland,Galland,Galland-elevation,gif,past
Grogean,Grogean,Grogean-elevation,gif,past
Haberman,Haberman,Haberman-elevation,gif,past
Hagland,Hagland,Hagland-elevation,gif,past
Hanton,Hanton,Hanton-elevation,gif,past
Hebert,Hebert,Hebert-elevation,gif,past
Heidemann,Heidemann,Heidemann-elevation,gif,past
Herbert,Herbert,Herbert-elevation,gif,past
Anderson,Anderson,Anderson-elevation,gif,past
Bailey,Bailey,Bailey-elevation,gif,past
Bearden,Bearden,Bearden-elevation,gif,past
Bradbury,Bradbury,Bradbury-elevation,gif,past
Brenton,Brenton,Brenton-elevation,gif,past
Brown,Brown,Brown-elevation,gif,past
Bryan,Bryan,Bryan-elevation,gif,past
Buchanan,Buchanan,Buchanan-elevation,gif,past
Buma,Buma,Buma-elevation,gif,past
Byers,Byers,Byers-elevation,gif,past
Campion,Campion,Campion-elevation,gif,past
Carlsen,Carlsen,Carlsen-elevation,gif,past
Comrack,Comrack,Comrack-elevation,gif,past
Crowell,Crowell,Crowell-elevation,gif,past
Dallas,Dallas,Dallas-elevation,gif,past
Dease,Dease,Dease-elevation,gif,past
Donaldson,Donaldson,Donaldson-elevation,gif,past
Electrical Dynamics,Electrical Dynamics,Electrical_Dynamics-elevation,gif,past
Friend,Friend,Friend-elevation,gif,past
Gonzales,Gonzales,Gonzales-elevation,gif,past
Griggers,Griggers,Griggers-elevation,gif,past
Gumienny,Gumienny,Gumienny-elevation,gif,past
Hathaway,Hathaway,Hathaway-elevation,gif,past
Hendrickson,Hendrickson,Hendrickson-elevation,gif,past
Henley,Henley,Henley-elevation,gif,past
Ignatowicz,Ignatowicz,Ignatowicz-elevation,gif,past
Isom,Isom,Isom-elevation,gif,past
Johnson,Johnson,Johnson-elevation,gif,past
Kelly,Kelly,Kelly-elevation,gif,past
Knoblauch,Knoblauch,Knoblauch-elevation,gif,past
Lahrmann,Lahrmann,Lahrmann-elevation,gif,past
Lichner,Lichner,Lichner-elevation,gif,past
Lipscomb,Lipscomb,Lipscomb-elevation,gif,past
Maness,Maness,Maness-elevation,gif,past
McKagan,McKagan,McKagan-elevation,gif,past
Miller,Miller,Miller-elevation,gif,past
Newhouse,Newhouse,Newhouse-elevation,gif,past
Nicholls,Nicholls,Nicholls-elevation,gif,past
Paine,Paine,Paine-elevation,gif,past
Panciera,Panciera,Panciera-elevation,gif,past
Parker,Parker,Parker-elevation,gif,past
Pringle,Pringle,Pringle-elevation,gif,past
Quintavalle,Quintavalle,Quintavalle-elevation,gif,past
Ramsey,Ramsey,Ramsey-elevation,gif,past
Rees,Rees,Rees-elevation,gif,past
Rose,Rose,Rose-elevation,gif,past
Rucz,Rucz,Rucz-elevation,gif,past
Shannon,Shannon,Shannon-elevation,gif,past
Shassetz,Shassetz,Shassetz-elevation,gif,past
Thompson,Thompson,Thompson-elevation,gif,past
Valenza,Valenza,Valenza-elevation,gif,past
Van_Ness,Van_Ness,Van_Ness-elevation,gif,past
Vance,Vance,Vance-elevation,gif,past
Williams,Williams,Williams-elevation,gif,past
Winter,Winter,Winter-elevation,gif,past
Wuchterl,Wuchterl,Wuchterl-elevation,gif,past
Wurden,Wurden,Wurden-elevation,gif,past
Barnhart,Barnhart,Barnhart-elevation,gif,favorite
Basile,Basile,Basile-elevation,gif,favorite
Bausch,Bausch,Bausch-elevation,gif,favorite
Bender,Bender,Bender-elevation,gif,favorite
Benson,Benson,Benson-elevation,gif,favorite
Branson,Branson,Branson-elevation,gif,favorite
Hardee,Hardee,Hardee-elevation,gif,favorite
Horn,Horn,Horn-elevation,gif,favorite
Jenks,Jenks,Jenks-elevation,gif,favorite
Lemay,Lemay,Lemay-elevation,gif,favorite
Richardson,Richardson,Richardson-elevation,gif,favorite
Sprinkle,Sprinkle,Sprinkle-elevation,gif,favorite
Stephenson,Stephenson,Stephenson-elevation,gif,favorite
Tyler,Tyler,Tyler-elevation,gif,favorite